customer_id,customer_name,city,state
1,Pooja Deshmukh,Pune,Maharashtra
2,Kabir Mehta,Chennai,Tamil Nadu
3,Neha Verma,Pune,Maharashtra
4,Priya Nair,Pune,Maharashtra
5,Pooja Kulkarni,Lucknow,Uttar Pradesh
6,Priya Patil,Lucknow,Uttar Pradesh
7,Yash Singh,Bhopal,Madhya Pradesh
8,Arjun Nair,Hyderabad,Telangana
9,Isha Gupta,Lucknow,Uttar Pradesh
10,Priya Gupta,Bhopal,Madhya Pradesh
11,Rahul Sharma,Chennai,Tamil Nadu
12,Kavya Sharma,Jaipur,Rajasthan
13,Riya Verma,Bhopal,Madhya Pradesh
14,Arjun Kulkarni,Ahmedabad,Gujarat
15,Vikram Sharma,Kolkata,West Bengal
16,Kabir Mehta,Indore,Madhya Pradesh
17,Pooja Kulkarni,Kolkata,West Bengal
18,Vikram Gupta,Nashik,Maharashtra
19,Aarav Singh,Delhi,Delhi
20,Sneha Deshmukh,Nashik,Maharashtra
21,Sneha Joshi,Kochi,Kerala
22,Kabir Joshi,Indore,Madhya Pradesh
23,Vikram Sharma,Kochi,Kerala
24,Pooja Patil,Delhi,Delhi
25,Aditya Deshmukh,Chennai,Tamil Nadu
26,Karan Verma,Delhi,Delhi
27,Neha Nair,Jaipur,Rajasthan
28,Arjun Mehta,Chennai,Tamil Nadu
29,Sneha Sharma,Ahmedabad,Gujarat
30,Pooja Mehta,Mysuru,Karnataka
31,Riya Mehta,Chennai,Tamil Nadu
32,Kavya Verma,Hyderabad,Telangana
33,Neha Deshmukh,Bengaluru,Karnataka
34,Riya Patil,Nashik,Maharashtra
35,Aarav Kulkarni,Bhopal,Madhya Pradesh
36,Pooja Deshmukh,Lucknow,Uttar Pradesh
37,Sneha Verma,Delhi,Delhi
38,Ananya Gupta,Lucknow,Uttar Pradesh
39,Ananya Sharma,Delhi,Delhi
40,Rahul Patil,Nashik,Maharashtra
41,Neha Deshmukh,Chennai,Tamil Nadu
42,Kavya Singh,Delhi,Delhi
43,Pooja Singh,Pune,Maharashtra
44,Ananya Singh,Ahmedabad,Gujarat
45,Ananya Kulkarni,Pune,Maharashtra
46,Isha Sharma,Mysuru,Karnataka
47,Kabir Nair,Hyderabad,Telangana
48,Rohan Gupta,Bengaluru,Karnataka
49,Kavya Sharma,Indore,Madhya Pradesh
50,Riya Sharma,Bengaluru,Karnataka
51,Rohan Nair,Bhopal,Madhya Pradesh
52,Kabir Deshmukh,Mysuru,Karnataka
53,Ananya Singh,Pune,Maharashtra
54,Aditi Deshmukh,Lucknow,Uttar Pradesh
55,Kabir Gupta,Chennai,Tamil Nadu
56,Karan Patil,Bhopal,Madhya Pradesh
57,Aarav Patil,Hyderabad,Telangana
58,Pooja Kulkarni,Pune,Maharashtra
59,Yash Kulkarni,Kolkata,West Bengal
60,Meera Singh,Nashik,Maharashtra
61,Arjun Gupta,Indore,Madhya Pradesh
62,Yash Gupta,Kolkata,West Bengal
63,Vikram Verma,Nashik,Maharashtra
64,Neha Deshmukh,Mysuru,Karnataka
65,Vikram Nair,Ahmedabad,Gujarat
66,Karan Patil,Pune,Maharashtra
67,Aditi Joshi,Hyderabad,Telangana
68,Yash Deshmukh,Kochi,Kerala
69,Rohan Kulkarni,Chennai,Tamil Nadu
70,Rohan Kulkarni,Indore,Madhya Pradesh
71,Sneha Kulkarni,Bengaluru,Karnataka
72,Sneha Verma,Chennai,Tamil Nadu
73,Vivaan Gupta,Pune,Maharashtra
74,Aditya Gupta,Kochi,Kerala
75,Rahul Kulkarni,Kolkata,West Bengal
76,Riya Singh,Mysuru,Karnataka
77,Arjun Gupta,Jaipur,Rajasthan
78,Aarav Kulkarni,Bhopal,Madhya Pradesh
79,Sneha Deshmukh,Delhi,Delhi
80,Karan Deshmukh,Chennai,Tamil Nadu
81,Ananya Sharma,Nashik,Maharashtra
82,Isha Sharma,Ahmedabad,Gujarat
83,Kabir Kulkarni,Lucknow,Uttar Pradesh
84,Arjun Gupta,Mumbai,Maharashtra
85,Karan Deshmukh,Nashik,Maharashtra
86,Neha Patil,Nashik,Maharashtra
87,Ananya Kulkarni,Nashik,Maharashtra
88,Rohan Nair,Nashik,Maharashtra
89,Ananya Gupta,Indore,Madhya Pradesh
90,Isha Singh,Hyderabad,Telangana
91,Aarav Patil,Mysuru,Karnataka
92,Kabir Gupta,Indore,Madhya Pradesh
93,Pooja Sharma,Delhi,Delhi
94,Rohan Gupta,Pune,Maharashtra
95,Yash Gupta,Kolkata,West Bengal
96,Arjun Singh,Indore,Madhya Pradesh
97,Yash Mehta,Jaipur,Rajasthan
98,Aditi Joshi,Mysuru,Karnataka
99,Priya Mehta,Jaipur,Rajasthan
100,Rohan Sharma,Chennai,Tamil Nadu
101,Riya Sharma,Hyderabad,Telangana
102,Priya Patil,Kochi,Kerala
103,Ananya Joshi,Mysuru,Karnataka
104,Neha Deshmukh,Pune,Maharashtra
105,Rohan Verma,Pune,Maharashtra
106,Sneha Kulkarni,Ahmedabad,Gujarat
107,Pooja Joshi,Indore,Madhya Pradesh
108,Isha Nair,Pune,Maharashtra
109,Rahul Verma,Indore,Madhya Pradesh
110,Aditya Singh,Mumbai,Maharashtra
111,Vikram Joshi,Jaipur,Rajasthan
112,Yash Mehta,Bhopal,Madhya Pradesh
113,Karan Verma,Indore,Madhya Pradesh
114,Isha Verma,Indore,Madhya Pradesh
115,Priya Nair,Ahmedabad,Gujarat
116,Aditi Nair,Bengaluru,Karnataka
117,Arjun Singh,Nashik,Maharashtra
118,Rohan Gupta,Mumbai,Maharashtra
119,Aditi Patil,Indore,Madhya Pradesh
120,Vivaan Kulkarni,Kochi,Kerala
121,Kavya Verma,Bhopal,Madhya Pradesh
122,Aditya Singh,Kochi,Kerala
123,Karan Sharma,Delhi,Delhi
124,Karan Deshmukh,Lucknow,Uttar Pradesh
125,Vikram Mehta,Chennai,Tamil Nadu
126,Sneha Kulkarni,Pune,Maharashtra
127,Rohan Sharma,Hyderabad,Telangana
128,Meera Verma,Indore,Madhya Pradesh
129,Aditya Sharma,Mumbai,Maharashtra
130,Kavya Patil,Bhopal,Madhya Pradesh
131,Arjun Joshi,Lucknow,Uttar Pradesh
132,Sneha Mehta,Jaipur,Rajasthan
133,Arjun Verma,Mumbai,Maharashtra
134,Aditi Kulkarni,Mysuru,Karnataka
135,Aditi Gupta,Mysuru,Karnataka
136,Kabir Patil,Delhi,Delhi
137,Aarav Patil,Indore,Madhya Pradesh
138,Rohan Patil,Bengaluru,Karnataka
139,Neha Nair,Mumbai,Maharashtra
140,Rohan Singh,Pune,Maharashtra
141,Neha Kulkarni,Kochi,Kerala
142,Kabir Patil,Jaipur,Rajasthan
143,Riya Sharma,Bhopal,Madhya Pradesh
144,Vivaan Kulkarni,Kolkata,West Bengal
145,Aditya Gupta,Bhopal,Madhya Pradesh
146,Ananya Nair,Pune,Maharashtra
147,Vikram Nair,Pune,Maharashtra
148,Aditya Gupta,Mysuru,Karnataka
149,Neha Joshi,Delhi,Delhi
150,Priya Verma,Indore,Madhya Pradesh
151,Meera Gupta,Indore,Madhya Pradesh
152,Ananya Singh,Mumbai,Maharashtra
153,Isha Mehta,Nashik,Maharashtra
154,Sneha Patil,Pune,Maharashtra
155,Kabir Sharma,Lucknow,Uttar Pradesh
156,Arjun Singh,Indore,Madhya Pradesh
157,Meera Kulkarni,Nashik,Maharashtra
158,Kabir Gupta,Bhopal,Madhya Pradesh
159,Pooja Mehta,Ahmedabad,Gujarat
160,Neha Patil,Mumbai,Maharashtra
161,Riya Verma,Mysuru,Karnataka
162,Yash Verma,Lucknow,Uttar Pradesh
163,Priya Kulkarni,Hyderabad,Telangana
164,Meera Mehta,Ahmedabad,Gujarat
165,Isha Verma,Lucknow,Uttar Pradesh
166,Aditya Joshi,Chennai,Tamil Nadu
167,Kabir Patil,Kochi,Kerala
168,Aditi Mehta,Ahmedabad,Gujarat
169,Yash Singh,Mysuru,Karnataka
170,Rohan Verma,Bengaluru,Karnataka
171,Sneha Mehta,Indore,Madhya Pradesh
172,Aditi Patil,Bhopal,Madhya Pradesh
173,Vivaan Gupta,Kochi,Kerala
174,Vikram Patil,Jaipur,Rajasthan
175,Riya Joshi,Nashik,Maharashtra
176,Meera Patil,Mysuru,Karnataka
177,Meera Singh,Kochi,Kerala
178,Arjun Verma,Nashik,Maharashtra
179,Arjun Gupta,Jaipur,Rajasthan
180,Priya Sharma,Pune,Maharashtra
181,Vivaan Patil,Kolkata,West Bengal
182,Riya Sharma,Nashik,Maharashtra
183,Ananya Singh,Chennai,Tamil Nadu
184,Riya Joshi,Kolkata,West Bengal
185,Karan Nair,Bhopal,Madhya Pradesh
186,Sneha Mehta,Delhi,Delhi
187,Kavya Singh,Lucknow,Uttar Pradesh
188,Yash Patil,Mumbai,Maharashtra
189,Rahul Verma,Kochi,Kerala
190,Isha Singh,Bengaluru,Karnataka
191,Kabir Verma,Indore,Madhya Pradesh
192,Aarav Joshi,Mumbai,Maharashtra
193,Priya Mehta,Kochi,Kerala
194,Vivaan Mehta,Pune,Maharashtra
195,Vivaan Gupta,Pune,Maharashtra
196,Neha Sharma,Kochi,Kerala
197,Riya Mehta,Bhopal,Madhya Pradesh
198,Rahul Nair,Kochi,Kerala
199,Riya Singh,Mysuru,Karnataka
200,Isha Deshmukh,Lucknow,Uttar Pradesh
201,Pooja Kulkarni,Ahmedabad,Gujarat
202,Riya Singh,Nashik,Maharashtra
203,Priya Nair,Mysuru,Karnataka
204,Riya Gupta,Bhopal,Madhya Pradesh
205,Vikram Deshmukh,Lucknow,Uttar Pradesh
206,Rahul Verma,Ahmedabad,Gujarat
207,Aditya Gupta,Mumbai,Maharashtra
208,Arjun Gupta,Delhi,Delhi
209,Rahul Joshi,Ahmedabad,Gujarat
210,Priya Joshi,Hyderabad,Telangana
211,Karan Gupta,Lucknow,Uttar Pradesh
212,Arjun Deshmukh,Hyderabad,Telangana
213,Rohan Kulkarni,Bengaluru,Karnataka
214,Neha Nair,Indore,Madhya Pradesh
215,Yash Kulkarni,Bhopal,Madhya Pradesh
216,Yash Singh,Mysuru,Karnataka
217,Riya Gupta,Indore,Madhya Pradesh
218,Rahul Mehta,Ahmedabad,Gujarat
219,Priya Kulkarni,Jaipur,Rajasthan
220,Vivaan Verma,Ahmedabad,Gujarat
221,Sneha Sharma,Nashik,Maharashtra
222,Ananya Deshmukh,Bengaluru,Karnataka
223,Kavya Nair,Delhi,Delhi
224,Aditi Deshmukh,Pune,Maharashtra
225,Vivaan Deshmukh,Ahmedabad,Gujarat
226,Ananya Sharma,Kolkata,West Bengal
227,Meera Kulkarni,Delhi,Delhi
228,Aditi Nair,Nashik,Maharashtra
229,Riya Gupta,Nashik,Maharashtra
230,Kabir Kulkarni,Jaipur,Rajasthan
231,Pooja Nair,Indore,Madhya Pradesh
232,Vivaan Verma,Indore,Madhya Pradesh
233,Ananya Sharma,Kolkata,West Bengal
234,Priya Deshmukh,Pune,Maharashtra
235,Arjun Patil,Nashik,Maharashtra
236,Aarav Singh,Jaipur,Rajasthan
237,Yash Deshmukh,Delhi,Delhi
238,Sneha Kulkarni,Delhi,Delhi
239,Pooja Singh,Kochi,Kerala
240,Rahul Singh,Delhi,Delhi
241,Meera Mehta,Nashik,Maharashtra
242,Pooja Patil,Pune,Maharashtra
243,Vivaan Gupta,Kolkata,West Bengal
244,Sneha Gupta,Ahmedabad,Gujarat
245,Pooja Verma,Kochi,Kerala
246,Sneha Joshi,Kolkata,West Bengal
247,Kavya Mehta,Lucknow,Uttar Pradesh
248,Isha Verma,Lucknow,Uttar Pradesh
249,Vikram Singh,Lucknow,Uttar Pradesh
250,Karan Patil,Mysuru,Karnataka
251,Aditya Sharma,Indore,Madhya Pradesh
252,Ananya Gupta,Indore,Madhya Pradesh
253,Vikram Patil,Lucknow,Uttar Pradesh
254,Arjun Singh,Kolkata,West Bengal
255,Meera Joshi,Indore,Madhya Pradesh
256,Isha Gupta,Lucknow,Uttar Pradesh
257,Vikram Deshmukh,Nashik,Maharashtra
258,Aarav Kulkarni,Indore,Madhya Pradesh
259,Aditi Gupta,Bhopal,Madhya Pradesh
260,Rohan Mehta,Pune,Maharashtra
261,Isha Patil,Kochi,Kerala
262,Yash Singh,Pune,Maharashtra
263,Neha Singh,Mumbai,Maharashtra
264,Vivaan Gupta,Mumbai,Maharashtra
265,Riya Gupta,Kolkata,West Bengal
266,Aditi Gupta,Mysuru,Karnataka
267,Kabir Sharma,Mysuru,Karnataka
268,Priya Nair,Mysuru,Karnataka
269,Pooja Singh,Lucknow,Uttar Pradesh
270,Vikram Nair,Pune,Maharashtra
271,Kavya Deshmukh,Mumbai,Maharashtra
272,Pooja Mehta,Mysuru,Karnataka
273,Aditya Deshmukh,Mumbai,Maharashtra
274,Aarav Deshmukh,Indore,Madhya Pradesh
275,Neha Deshmukh,Nashik,Maharashtra
276,Neha Mehta,Pune,Maharashtra
277,Aarav Verma,Bhopal,Madhya Pradesh
278,Yash Patil,Bengaluru,Karnataka
279,Pooja Mehta,Bhopal,Madhya Pradesh
280,Aarav Nair,Nashik,Maharashtra
281,Neha Nair,Mysuru,Karnataka
282,Aarav Sharma,Mumbai,Maharashtra
283,Vivaan Mehta,Nashik,Maharashtra
284,Aditi Mehta,Ahmedabad,Gujarat
285,Rahul Verma,Indore,Madhya Pradesh
286,Rahul Sharma,Bhopal,Madhya Pradesh
287,Riya Nair,Kolkata,West Bengal
288,Aditya Kulkarni,Kochi,Kerala
289,Neha Mehta,Bhopal,Madhya Pradesh
290,Kabir Sharma,Bhopal,Madhya Pradesh
291,Rahul Patil,Chennai,Tamil Nadu
292,Neha Singh,Pune,Maharashtra
293,Sneha Singh,Jaipur,Rajasthan
294,Vivaan Mehta,Ahmedabad,Gujarat
295,Arjun Mehta,Chennai,Tamil Nadu
296,Vivaan Patil,Lucknow,Uttar Pradesh
297,Rohan Sharma,Mumbai,Maharashtra
298,Priya Nair,Kolkata,West Bengal
299,Isha Singh,Lucknow,Uttar Pradesh
300,Vivaan Deshmukh,Mumbai,Maharashtra
301,Aarav Verma,Mumbai,Maharashtra
302,Yash Kulkarni,Kochi,Kerala
303,Arjun Joshi,Chennai,Tamil Nadu
304,Pooja Patil,Pune,Maharashtra
305,Aditi Singh,Hyderabad,Telangana
306,Priya Kulkarni,Chennai,Tamil Nadu
307,Isha Mehta,Bengaluru,Karnataka
308,Kabir Patil,Jaipur,Rajasthan
309,Meera Singh,Bengaluru,Karnataka
310,Kabir Singh,Mysuru,Karnataka
311,Neha Verma,Jaipur,Rajasthan
312,Kabir Nair,Ahmedabad,Gujarat
313,Aditya Gupta,Nashik,Maharashtra
314,Neha Gupta,Delhi,Delhi
315,Yash Patil,Kochi,Kerala
316,Aditi Patil,Pune,Maharashtra
317,Rohan Sharma,Indore,Madhya Pradesh
318,Isha Gupta,Mysuru,Karnataka
319,Isha Gupta,Lucknow,Uttar Pradesh
320,Aditi Gupta,Ahmedabad,Gujarat
321,Kabir Mehta,Nashik,Maharashtra
322,Meera Singh,Bengaluru,Karnataka
323,Karan Nair,Ahmedabad,Gujarat
324,Rohan Gupta,Mumbai,Maharashtra
325,Yash Patil,Delhi,Delhi
326,Vivaan Singh,Bengaluru,Karnataka
327,Ananya Singh,Hyderabad,Telangana
328,Priya Deshmukh,Kolkata,West Bengal
329,Neha Deshmukh,Jaipur,Rajasthan
330,Rahul Kulkarni,Mysuru,Karnataka
331,Priya Patil,Hyderabad,Telangana
332,Priya Deshmukh,Chennai,Tamil Nadu
333,Vikram Nair,Delhi,Delhi
334,Riya Kulkarni,Delhi,Delhi
335,Kavya Patil,Jaipur,Rajasthan
336,Kavya Singh,Kochi,Kerala
337,Priya Verma,Lucknow,Uttar Pradesh
338,Rahul Joshi,Lucknow,Uttar Pradesh
339,Riya Joshi,Delhi,Delhi
340,Aarav Patil,Delhi,Delhi
341,Vivaan Mehta,Mumbai,Maharashtra
342,Riya Sharma,Bhopal,Madhya Pradesh
343,Rohan Singh,Pune,Maharashtra
344,Yash Patil,Hyderabad,Telangana
345,Karan Sharma,Kolkata,West Bengal
346,Meera Sharma,Lucknow,Uttar Pradesh
347,Riya Kulkarni,Chennai,Tamil Nadu
348,Kabir Joshi,Bhopal,Madhya Pradesh
349,Arjun Verma,Kolkata,West Bengal
350,Neha Patil,Ahmedabad,Gujarat
351,Vikram Singh,Delhi,Delhi
352,Vivaan Nair,Indore,Madhya Pradesh
353,Pooja Gupta,Chennai,Tamil Nadu
354,Pooja Deshmukh,Mysuru,Karnataka
355,Sneha Kulkarni,Nashik,Maharashtra
356,Meera Deshmukh,Hyderabad,Telangana
357,Aarav Deshmukh,Hyderabad,Telangana
358,Pooja Singh,Bengaluru,Karnataka
359,Arjun Kulkarni,Delhi,Delhi
360,Kabir Mehta,Nashik,Maharashtra
361,Aditi Nair,Kochi,Kerala
362,Rahul Mehta,Jaipur,Rajasthan
363,Aditi Deshmukh,Bhopal,Madhya Pradesh
364,Priya Gupta,Nashik,Maharashtra
365,Vikram Joshi,Bhopal,Madhya Pradesh
366,Riya Kulkarni,Pune,Maharashtra
367,Kabir Gupta,Mumbai,Maharashtra
368,Meera Patil,Delhi,Delhi
369,Arjun Verma,Mysuru,Karnataka
370,Meera Sharma,Kochi,Kerala
371,Rahul Patil,Ahmedabad,Gujarat
372,Arjun Gupta,Mysuru,Karnataka
373,Ananya Kulkarni,Indore,Madhya Pradesh
374,Aarav Sharma,Delhi,Delhi
375,Rahul Mehta,Mysuru,Karnataka
376,Kavya Deshmukh,Bhopal,Madhya Pradesh
377,Isha Gupta,Jaipur,Rajasthan
378,Pooja Kulkarni,Kolkata,West Bengal
379,Vivaan Kulkarni,Ahmedabad,Gujarat
380,Sneha Singh,Hyderabad,Telangana
381,Karan Nair,Kochi,Kerala
382,Karan Gupta,Bhopal,Madhya Pradesh
383,Pooja Deshmukh,Delhi,Delhi
384,Vikram Singh,Bhopal,Madhya Pradesh
385,Meera Joshi,Chennai,Tamil Nadu
386,Aditya Mehta,Jaipur,Rajasthan
387,Karan Singh,Hyderabad,Telangana
388,Riya Singh,Delhi,Delhi
389,Aditya Sharma,Delhi,Delhi
390,Aditi Nair,Hyderabad,Telangana
391,Isha Joshi,Ahmedabad,Gujarat
392,Aarav Joshi,Nashik,Maharashtra
393,Arjun Verma,Mysuru,Karnataka
394,Isha Nair,Mumbai,Maharashtra
395,Kabir Gupta,Kolkata,West Bengal
396,Aditya Singh,Mysuru,Karnataka
397,Aarav Gupta,Jaipur,Rajasthan
398,Arjun Kulkarni,Mysuru,Karnataka
399,Isha Kulkarni,Delhi,Delhi
400,Riya Deshmukh,Indore,Madhya Pradesh
401,Yash Nair,Kochi,Kerala
402,Neha Nair,Lucknow,Uttar Pradesh
403,Sneha Verma,Delhi,Delhi
404,Isha Kulkarni,Indore,Madhya Pradesh
405,Kavya Sharma,Chennai,Tamil Nadu
406,Priya Kulkarni,Pune,Maharashtra
407,Kabir Deshmukh,Bhopal,Madhya Pradesh
408,Aditi Deshmukh,Jaipur,Rajasthan
409,Aditi Patil,Chennai,Tamil Nadu
410,Arjun Verma,Indore,Madhya Pradesh
411,Sneha Nair,Bhopal,Madhya Pradesh
412,Isha Joshi,Lucknow,Uttar Pradesh
413,Aditya Verma,Mumbai,Maharashtra
414,Priya Kulkarni,Mumbai,Maharashtra
415,Yash Mehta,Indore,Madhya Pradesh
416,Kavya Gupta,Indore,Madhya Pradesh
417,Aditi Verma,Mysuru,Karnataka
418,Vivaan Kulkarni,Chennai,Tamil Nadu
419,Vivaan Verma,Ahmedabad,Gujarat
420,Priya Mehta,Jaipur,Rajasthan
421,Meera Gupta,Bengaluru,Karnataka
422,Rahul Sharma,Bhopal,Madhya Pradesh
423,Vikram Nair,Mumbai,Maharashtra
424,Vikram Patil,Mumbai,Maharashtra
425,Neha Kulkarni,Kochi,Kerala
426,Neha Kulkarni,Kolkata,West Bengal
427,Kavya Kulkarni,Mumbai,Maharashtra
428,Vikram Mehta,Lucknow,Uttar Pradesh
429,Aarav Nair,Hyderabad,Telangana
430,Aditya Deshmukh,Bengaluru,Karnataka
431,Kavya Gupta,Bengaluru,Karnataka
432,Aditi Singh,Mumbai,Maharashtra
433,Neha Singh,Bengaluru,Karnataka
434,Pooja Gupta,Mumbai,Maharashtra
435,Kavya Deshmukh,Kolkata,West Bengal
436,Rohan Verma,Kolkata,West Bengal
437,Kavya Singh,Chennai,Tamil Nadu
438,Pooja Mehta,Hyderabad,Telangana
439,Rohan Kulkarni,Kochi,Kerala
440,Kabir Joshi,Jaipur,Rajasthan
441,Rohan Singh,Pune,Maharashtra
442,Kavya Patil,Kochi,Kerala
443,Vivaan Deshmukh,Kolkata,West Bengal
444,Kabir Kulkarni,Hyderabad,Telangana
445,Riya Singh,Chennai,Tamil Nadu
446,Isha Verma,Indore,Madhya Pradesh
447,Kabir Singh,Lucknow,Uttar Pradesh
448,Aditya Singh,Nashik,Maharashtra
449,Aditi Mehta,Nashik,Maharashtra
450,Sneha Singh,Kolkata,West Bengal
451,Vikram Gupta,Mumbai,Maharashtra
452,Rahul Gupta,Kochi,Kerala
453,Aditya Patil,Hyderabad,Telangana
454,Vivaan Sharma,Hyderabad,Telangana
455,Rahul Singh,Hyderabad,Telangana
456,Karan Gupta,Mumbai,Maharashtra
457,Isha Mehta,Indore,Madhya Pradesh
458,Kabir Gupta,Hyderabad,Telangana
459,Aditi Nair,Kochi,Kerala
460,Priya Singh,Lucknow,Uttar Pradesh
461,Rohan Joshi,Indore,Madhya Pradesh
462,Vikram Verma,Kochi,Kerala
463,Karan Mehta,Jaipur,Rajasthan
464,Karan Singh,Kochi,Kerala
465,Sneha Verma,Indore,Madhya Pradesh
466,Isha Deshmukh,Jaipur,Rajasthan
467,Rohan Mehta,Mumbai,Maharashtra
468,Rohan Joshi,Bengaluru,Karnataka
469,Arjun Joshi,Nashik,Maharashtra
470,Aarav Verma,Kochi,Kerala
471,Ananya Verma,Mumbai,Maharashtra
472,Ananya Kulkarni,Lucknow,Uttar Pradesh
473,Kabir Mehta,Ahmedabad,Gujarat
474,Meera Nair,Delhi,Delhi
475,Neha Verma,Jaipur,Rajasthan
476,Neha Nair,Bhopal,Madhya Pradesh
477,Pooja Gupta,Mysuru,Karnataka
478,Arjun Singh,Nashik,Maharashtra
479,Aditya Gupta,Mysuru,Karnataka
480,Karan Nair,Ahmedabad,Gujarat
481,Priya Nair,Lucknow,Uttar Pradesh
482,Aditya Sharma,Chennai,Tamil Nadu
483,Aditi Kulkarni,Indore,Madhya Pradesh
484,Rohan Sharma,Pune,Maharashtra
485,Rahul Singh,Mumbai,Maharashtra
486,Aditi Gupta,Mumbai,Maharashtra
487,Priya Kulkarni,Bengaluru,Karnataka
488,Aarav Sharma,Mysuru,Karnataka
489,Aditya Deshmukh,Bhopal,Madhya Pradesh
490,Pooja Sharma,Hyderabad,Telangana
491,Neha Gupta,Kochi,Kerala
492,Aditi Joshi,Bengaluru,Karnataka
493,Vikram Verma,Delhi,Delhi
494,Arjun Sharma,Chennai,Tamil Nadu
495,Aditya Gupta,Mysuru,Karnataka
496,Arjun Sharma,Bhopal,Madhya Pradesh
497,Priya Verma,Pune,Maharashtra
498,Aarav Joshi,Delhi,Delhi
499,Kabir Singh,Chennai,Tamil Nadu
500,Yash Mehta,Lucknow,Uttar Pradesh
